{
  "project_info": {
    "project_number": "203900552001",
    "firebase_url": "https://servicenovigradusers-5023f.firebaseio.com",
    "project_id": "servicenovigradusers-5023f",
    "storage_bucket": "servicenovigradusers-5023f.appspot.com"
  },
  "client": [
    {
      "client_info": {
        "mobilesdk_app_id": "1:203900552001:android:c15bd7788e094fd4f597c0",
        "android_client_info": {
          "package_name": "com.example.prototyped1"
        }
      },
      "oauth_client": [
        {
          "client_id": "203900552001-83m9fp9t53jstlhnsgnj5i4turb5hurr.apps.googleusercontent.com",
          "client_type": 3
        }
      ],
      "api_key": [
        {
          "current_key": "AIzaSyC9FmF7GhZHwPxVBeaHr3OEoFYD7iz3Il0"
        }
      ],
      "services": {
        "appinvite_service": {
          "other_platform_oauth_client": [
            {
              "client_id": "203900552001-83m9fp9t53jstlhnsgnj5i4turb5hurr.apps.googleusercontent.com",
              "client_type": 3
            }
          ]
        }
      }
    },
    {
      "client_info": {
        "mobilesdk_app_id": "1:203900552001:android:6463dc666a81f75cf597c0",
        "android_client_info": {
          "package_name": "com.example.servicenovigrad"
        }
      },
      "oauth_client": [
        {
          "client_id": "203900552001-83m9fp9t53jstlhnsgnj5i4turb5hurr.apps.googleusercontent.com",
          "client_type": 3
        }
      ],
      "api_key": [
        {
          "current_key": "AIzaSyC9FmF7GhZHwPxVBeaHr3OEoFYD7iz3Il0"
        }
      ],
      "services": {
        "appinvite_service": {
          "other_platform_oauth_client": [
            {
              "client_id": "203900552001-83m9fp9t53jstlhnsgnj5i4turb5hurr.apps.googleusercontent.com",
              "client_type": 3
            }
          ]
        }
      }
    }
  ],
  "configuration_version": "1"
}